url,domain,category
https://www.google.com,google.com,Search
https://www.youtube.com,youtube.com,Media
https://www.github.com,github.com,Tech
https://www.wikipedia.org,wikipedia.org,Education
https://www.reddit.com,reddit.com,Social
https://www.twitter.com,twitter.com,Social
https://developer.mozilla.org,mozilla.org,Tech
https://www.kaggle.com,kaggle.com,Data
https://jsonplaceholder.typicode.com,typicode.com,API
https://api.github.com,github.com,API
https://www.openstreetmap.org,openstreetmap.org,Maps
https://www.npmjs.com,npmjs.com,Tech
https://hub.docker.com,docker.com,Tech
https://aws.amazon.com/public-datasets,amazon.com,Data
https://www.w3schools.com,w3schools.com,Education
https://stackoverflow.com,stackoverflow.com,Tech
https://www.bbc.com,bbc.com,News
https://www.nytimes.com,nytimes.com,News
https://www.cnn.com,cnn.com,News
https://www.microsoft.com,microsoft.com,Tech
https://www.apple.com,apple.com,Tech
https://www.linux.org,linux.org,Tech
https://www.python.org,python.org,Tech
https://www.java.com,java.com,Tech
https://www.php.net,php.net,Tech
https://www.mysql.com,mysql.com,Tech
https://www.postgresql.org,postgresql.org,Tech
https://www.mongodb.com,mongodb.com,Tech
https://www.sqlite.org,sqlite.org,Tech
https://www.oracle.com,oracle.com,Tech
https://www.ibm.com,ibm.com,Tech
https://www.intel.com,intel.com,Tech
https://www.amd.com,amd.com,Tech
https://www.nvidia.com,nvidia.com,Tech
https://www.ubuntu.com,ubuntu.com,Tech
https://www.debian.org,debian.org,Tech
https://www.centos.org,centos.org,Tech
https://www.apache.org,apache.org,Tech
https://www.nginx.com,nginx.com,Tech
https://www.nodejs.org,nodejs.org,Tech
https://www.reactjs.org,reactjs.org,Tech
https://www.angular.io,angular.io,Tech
https://www.vuejs.org,vuejs.org,Tech
https://www.djangoproject.com,djangoproject.com,Tech
https://www.ruby-lang.org,ruby-lang.org,Tech
https://www.rust-lang.org,rust-lang.org,Tech
https://www.golang.org,golang.org,Tech
https://www.typescriptlang.org,typescriptlang.org,Tech
https://www.kotlinlang.org,kotlinlang.org,Tech
https://www.swift.org,swift.org,Tech
https://www.perl.org,perl.org,Tech
https://www.lua.org,lua.org,Tech
https://www.elastic.co,elastic.co,Tech
https://www.docker.com,docker.com,Tech
https://www.kubernetes.io,kubernetes.io,Tech
https://www.terraform.io,terraform.io,Tech
https://www.ansible.com,ansible.com,Tech
https://www.jenkins.io,jenkins.io,Tech
https://www.git-scm.com,git-scm.com,Tech
https://www.gnu.org,gnu.org,Tech
https://www.gimp.org,gimp.org,Tech
https://www.blender.org,blender.org,Tech
https://www.unrealengine.com,unrealengine.com,Tech
https://www.unity.com,unity.com,Tech
https://www.adobe.com,adobe.com,Tech
https://www.autodesk.com,autodesk.com,Tech
https://www.figma.com,figma.com,Tech
https://www.sketch.com,sketch.com,Tech
https://www.canva.com,canva.com,Tech
https://www.trello.com,trello.com,Tech
https://www.slack.com,slack.com,Tech
https://www.dropbox.com,dropbox.com,Tech
https://www.box.com,box.com,Tech
https://www.evernote.com,evernote.com,Tech
https://www.notion.so,notion.so,Tech
https://www.medium.com,medium.com,Media
https://www.quora.com,quora.com,Social
https://www.pinterest.com,pinterest.com,Social
https://www.tumblr.com,tumblr.com,Social
https://www.flickr.com,flickr.com,Media
https://www.imgur.com,imgur.com,Media
https://www.unsplash.com,unsplash.com,Media
https://www.pexels.com,pexels.com,Media
https://www.shutterstock.com,shutterstock.com,Media
https://www.gettyimages.com,gettyimages.com,Media
https://www.istockphoto.com,istockphoto.com,Media
https://www.500px.com,500px.com,Media
https://www.deviantart.com,deviantart.com,Media
https://www.behance.net,behance.net,Media
https://www.dribbble.com,dribbble.com,Media
https://www.vimeo.com,vimeo.com,Media
https://www.soundcloud.com,soundcloud.com,Media
https://www.spotify.com,spotify.com,Media
https://www.pandora.com,pandora.com,Media
https://www.last.fm,last.fm,Media
https://www.bandcamp.com,bandcamp.com,Media
https://www.google.com,google.com,Search
https://www.youtube.com,youtube.com,Media
https://www.github.com,github.com,Tech
https://www.wikipedia.org,wikipedia.org,Education
https://www.reddit.com,reddit.com,Social
https://www.twitter.com,twitter.com,Social
https://developer.mozilla.org,mozilla.org,Tech
https://www.kaggle.com,kaggle.com,Data
https://jsonplaceholder.typicode.com,typicode.com,API
https://api.github.com,github.com,API
https://www.openstreetmap.org,openstreetmap.org,Maps
https://www.npmjs.com,npmjs.com,Tech
https://hub.docker.com,docker.com,Tech
https://aws.amazon.com/public-datasets,amazon.com,Data
https://www.w3schools.com,w3schools.com,Education
https://stackoverflow.com,stackoverflow.com,Tech
https://www.bbc.com,bbc.com,News
https://www.nytimes.com,nytimes.com,News
https://www.cnn.com,cnn.com,News
https://www.microsoft.com,microsoft.com,Tech
https://www.apple.com,apple.com,Tech
https://www.linux.org,linux.org,Tech
https://www.python.org,python.org,Tech
https://www.java.com,java.com,Tech
https://www.php.net,php.net,Tech
https://www.mysql.com,mysql.com,Tech
https://www.postgresql.org,postgresql.org,Tech
https://www.mongodb.com,mongodb.com,Tech
https://www.sqlite.org,sqlite.org,Tech
https://www.oracle.com,oracle.com,Tech
https://www.ibm.com,ibm.com,Tech
https://www.intel.com,intel.com,Tech
https://www.amd.com,amd.com,Tech
https://www.nvidia.com,nvidia.com,Tech
https://www.ubuntu.com,ubuntu.com,Tech
https://www.debian.org,debian.org,Tech
https://www.centos.org,centos.org,Tech
https://www.apache.org,apache.org,Tech
https://www.nginx.com,nginx.com,Tech
https://www.nodejs.org,nodejs.org,Tech
https://www.reactjs.org,reactjs.org,Tech
https://www.angular.io,angular.io,Tech
https://www.vuejs.org,vuejs.org,Tech
https://www.djangoproject.com,djangoproject.com,Tech
https://www.ruby-lang.org,ruby-lang.org,Tech
https://www.rust-lang.org,rust-lang.org,Tech
https://www.golang.org,golang.org,Tech
https://www.typescriptlang.org,typescriptlang.org,Tech
https://www.kotlinlang.org,kotlinlang.org,Tech
https://www.swift.org,swift.org,Tech
https://www.perl.org,perl.org,Tech
https://www.lua.org,lua.org,Tech
https://www.elastic.co,elastic.co,Tech
https://www.docker.com,docker.com,Tech
https://www.kubernetes.io,kubernetes.io,Tech
https://www.terraform.io,terraform.io,Tech
https://www.ansible.com,ansible.com,Tech
https://www.jenkins.io,jenkins.io,Tech
https://www.git-scm.com,git-scm.com,Tech
https://www.gnu.org,gnu.org,Tech
https://www.gimp.org,gimp.org,Tech
https://www.blender.org,blender.org,Tech
https://www.unrealengine.com,unrealengine.com,Tech
https://www.unity.com,unity.com,Tech
https://www.adobe.com,adobe.com,Tech
https://www.autodesk.com,autodesk.com,Tech
https://www.figma.com,figma.com,Tech
https://www.sketch.com,sketch.com,Tech
https://www.canva.com,canva.com,Tech
https://www.trello.com,trello.com,Tech
https://www.slack.com,slack.com,Tech
https://www.dropbox.com,dropbox.com,Tech
https://www.box.com,box.com,Tech
https://www.evernote.com,evernote.com,Tech
https://www.notion.so,notion.so,Tech
https://www.medium.com,medium.com,Media
https://www.quora.com,quora.com,Social
https://www.pinterest.com,pinterest.com,Social
https://www.tumblr.com,tumblr.com,Social
https://www.flickr.com,flickr.com,Media
https://www.imgur.com,imgur.com,Media
https://www.unsplash.com,unsplash.com,Media
https://www.pexels.com,pexels.com,Media
https://www.shutterstock.com,shutterstock.com,Media
https://www.gettyimages.com,gettyimages.com,Media
https://www.istockphoto.com,istockphoto.com,Media
https://www.500px.com,500px.com,Media
https://www.deviantart.com,deviantart.com,Media
https://www.behance.net,behance.net,Media
https://www.dribbble.com,dribbble.com,Media
https://www.vimeo.com,vimeo.com,Media
https://www.soundcloud.com,soundcloud.com,Media
https://www.spotify.com,spotify.com,Media
https://www.pandora.com,pandora.com,Media
https://www.last.fm,last.fm,Media
https://www.bandcamp.com,bandcamp.com,Media
https://www.google.com,google.com,Search
https://www.youtube.com,youtube.com,Media
https://www.github.com,github.com,Tech
https://www.wikipedia.org,wikipedia.org,Education
https://www.reddit.com,reddit.com,Social
https://www.twitter.com,twitter.com,Social
https://developer.mozilla.org,mozilla.org,Tech
https://www.kaggle.com,kaggle.com,Data
https://jsonplaceholder.typicode.com,typicode.com,API
https://api.github.com,github.com,API
https://www.openstreetmap.org,openstreetmap.org,Maps
https://www.npmjs.com,npmjs.com,Tech
https://hub.docker.com,docker.com,Tech
https://aws.amazon.com/public-datasets,amazon.com,Data
https://www.w3schools.com,w3schools.com,Education
https://stackoverflow.com,stackoverflow.com,Tech
https://www.bbc.com,bbc.com,News
https://www.nytimes.com,nytimes.com,News
https://www.cnn.com,cnn.com,News
https://www.microsoft.com,microsoft.com,Tech
https://www.apple.com,apple.com,Tech
https://www.linux.org,linux.org,Tech
https://www.python.org,python.org,Tech
https://www.java.com,java.com,Tech
https://www.php.net,php.net,Tech
https://www.mysql.com,mysql.com,Tech
https://www.postgresql.org,postgresql.org,Tech
https://www.mongodb.com,mongodb.com,Tech
https://www.sqlite.org,sqlite.org,Tech
https://www.oracle.com,oracle.com,Tech
https://www.ibm.com,ibm.com,Tech
https://www.intel.com,intel.com,Tech
https://www.amd.com,amd.com,Tech
https://www.nvidia.com,nvidia.com,Tech
https://www.ubuntu.com,ubuntu.com,Tech
https://www.debian.org,debian.org,Tech
https://www.centos.org,centos.org,Tech
https://www.apache.org,apache.org,Tech
https://www.nginx.com,nginx.com,Tech
https://www.nodejs.org,nodejs.org,Tech
https://www.reactjs.org,reactjs.org,Tech
https://www.angular.io,angular.io,Tech
https://www.vuejs.org,vuejs.org,Tech
https://www.djangoproject.com,djangoproject.com,Tech
https://www.ruby-lang.org,ruby-lang.org,Tech
https://www.rust-lang.org,rust-lang.org,Tech
https://www.golang.org,golang.org,Tech
https://www.typescriptlang.org,typescriptlang.org,Tech
https://www.kotlinlang.org,kotlinlang.org,Tech
https://www.swift.org,swift.org,Tech
https://www.perl.org,perl.org,Tech
https://www.lua.org,lua.org,Tech
https://www.elastic.co,elastic.co,Tech
https://www.docker.com,docker.com,Tech
https://www.kubernetes.io,kubernetes.io,Tech
https://www.terraform.io,terraform.io,Tech
https://www.ansible.com,ansible.com,Tech
https://www.jenkins.io,jenkins.io,Tech
https://www.git-scm.com,git-scm.com,Tech
https://www.gnu.org,gnu.org,Tech
https://www.gimp.org,gimp.org,Tech
https://www.blender.org,blender.org,Tech
https://www.unrealengine.com,unrealengine.com,Tech
https://www.unity.com,unity.com,Tech
https://www.adobe.com,adobe.com,Tech
https://www.autodesk.com,autodesk.com,Tech
https://www.figma.com,figma.com,Tech
https://www.sketch.com,sketch.com,Tech
https://www.canva.com,canva.com,Tech
https://www.trello.com,trello.com,Tech
https://www.slack.com,slack.com,Tech
https://www.dropbox.com,dropbox.com,Tech
https://www.box.com,box.com,Tech
https://www.evernote.com,evernote.com,Tech
https://www.notion.so,notion.so,Tech
https://www.medium.com,medium.com,Media
https://www.quora.com,quora.com,Social
https://www.pinterest.com,pinterest.com,Social
https://www.tumblr.com,tumblr.com,Social
https://www.flickr.com,flickr.com,Media
https://www.imgur.com,imgur.com,Media
https://www.unsplash.com,unsplash.com,Media
https://www.pexels.com,pexels.com,Media
https://www.shutterstock.com,shutterstock.com,Media
https://www.gettyimages.com,gettyimages.com,Media
https://www.istockphoto.com,istockphoto.com,Media
https://www.500px.com,500px.com,Media
https://www.deviantart.com,deviantart.com,Media
https://www.behance.net,behance.net,Media
https://www.dribbble.com,dribbble.com,Media
https://www.vimeo.com,vimeo.com,Media
https://www.soundcloud.com,soundcloud.com,Media
https://www.spotify.com,spotify.com,Media
https://www.pandora.com,pandora.com,Media
https://www.last.fm,last.fm,Media
https://www.bandcamp.com,bandcamp.com,Media
https://www.google.com,google.com,Search
https://www.youtube.com,youtube.com,Media
https://www.github.com,github.com,Tech
https://www.wikipedia.org,wikipedia.org,Education
https://www.reddit.com,reddit.com,Social
https://www.twitter.com,twitter.com,Social
https://developer.mozilla.org,mozilla.org,Tech
https://www.kaggle.com,kaggle.com,Data
https://jsonplaceholder.typicode.com,typicode.com,API
https://api.github.com,github.com,API
https://www.openstreetmap.org,openstreetmap.org,Maps
https://www.npmjs.com,npmjs.com,Tech
https://hub.docker.com,docker.com,Tech
https://aws.amazon.com/public-datasets,amazon.com,Data
https://www.w3schools.com,w3schools.com,Education
https://stackoverflow.com,stackoverflow.com,Tech
https://www.bbc.com,bbc.com,News
https://www.nytimes.com,nytimes.com,News
https://www.cnn.com,cnn.com,News
https://www.microsoft.com,microsoft.com,Tech
https://www.apple.com,apple.com,Tech
https://www.linux.org,linux.org,Tech
https://www.python.org,python.org,Tech
https://www.java.com,java.com,Tech
https://www.php.net,php.net,Tech
https://www.mysql.com,mysql.com,Tech
https://www.postgresql.org,postgresql.org,Tech
https://www.mongodb.com,mongodb.com,Tech
https://www.sqlite.org,sqlite.org,Tech
https://www.oracle.com,oracle.com,Tech
https://www.ibm.com,ibm.com,Tech
https://www.intel.com,intel.com,Tech
https://www.amd.com,amd.com,Tech
https://www.nvidia.com,nvidia.com,Tech
https://www.ubuntu.com,ubuntu.com,Tech
https://www.debian.org,debian.org,Tech
https://www.centos.org,centos.org,Tech
https://www.apache.org,apache.org,Tech
https://www.nginx.com,nginx.com,Tech
https://www.nodejs.org,nodejs.org,Tech
https://www.reactjs.org,reactjs.org,Tech
https://www.angular.io,angular.io,Tech
https://www.vuejs.org,vuejs.org,Tech
https://www.djangoproject.com,djangoproject.com,Tech
https://www.ruby-lang.org,ruby-lang.org,Tech
https://www.rust-lang.org,rust-lang.org,Tech
https://www.golang.org,golang.org,Tech
https://www.typescriptlang.org,typescriptlang.org,Tech
https://www.kotlinlang.org,kotlinlang.org,Tech
https://www.swift.org,swift.org,Tech
https://www.perl.org,perl.org,Tech
https://www.lua.org,lua.org,Tech
https://www.elastic.co,elastic.co,Tech
https://www.docker.com,docker.com,Tech
https://www.kubernetes.io,kubernetes.io,Tech
https://www.terraform.io,terraform.io,Tech
https://www.ansible.com,ansible.com,Tech
https://www.jenkins.io,jenkins.io,Tech
https://www.git-scm.com,git-scm.com,Tech
https://www.gnu.org,gnu.org,Tech
https://www.gimp.org,gimp.org,Tech
https://www.blender.org,blender.org,Tech
https://www.unrealengine.com,unrealengine.com,Tech
https://www.unity.com,unity.com,Tech
https://www.adobe.com,adobe.com,Tech
https://www.autodesk.com,autodesk.com,Tech
https://www.figma.com,figma.com,Tech
https://www.sketch.com,sketch.com,Tech
https://www.canva.com,canva.com,Tech
https://www.trello.com,trello.com,Tech
https://www.slack.com,slack.com,Tech
https://www.dropbox.com,dropbox.com,Tech
https://www.box.com,box.com,Tech
https://www.evernote.com,evernote.com,Tech
https://www.notion.so,notion.so,Tech
https://www.medium.com,medium.com,Media
https://www.quora.com,quora.com,Social
https://www.pinterest.com,pinterest.com,Social
https://www.tumblr.com,tumblr.com,Social
https://www.flickr.com,flickr.com,Media
https://www.imgur.com,imgur.com,Media
https://www.unsplash.com,unsplash.com,Media
https://www.pexels.com,pexels.com,Media
https://www.shutterstock.com,shutterstock.com,Media
https://www.gettyimages.com,gettyimages.com,Media
https://www.istockphoto.com,istockphoto.com,Media
https://www.500px.com,500px.com,Media
https://www.deviantart.com,deviantart.com,Media
https://www.behance.net,behance.net,Media
https://www.dribbble.com,dribbble.com,Media
https://www.vimeo.com,vimeo.com,Media
https://www.soundcloud.com,soundcloud.com,Media
https://www.spotify.com,spotify.com,Media
https://www.pandora.com,pandora.com,Media
https://www.last.fm,last.fm,Media
https://www.bandcamp.com,bandcamp.com,Media
https://www.google.com,google.com,Search
https://www.youtube.com,youtube.com,Media
https://www.github.com,github.com,Tech
https://www.wikipedia.org,wikipedia.org,Education
https://www.reddit.com,reddit.com,Social
https://www.twitter.com,twitter.com,Social
https://developer.mozilla.org,mozilla.org,Tech
https://www.kaggle.com,kaggle.com,Data
https://jsonplaceholder.typicode.com,typicode.com,API
https://api.github.com,github.com,API
https://www.openstreetmap.org,openstreetmap.org,Maps
https://www.npmjs.com,npmjs.com,Tech
https://hub.docker.com,docker.com,Tech
https://aws.amazon.com/public-datasets,amazon.com,Data
https://www.w3schools.com,w3schools.com,Education
https://stackoverflow.com,stackoverflow.com,Tech
https://www.bbc.com,bbc.com,News
https://www.nytimes.com,nytimes.com,News
https://www.cnn.com,cnn.com,News
https://www.microsoft.com,microsoft.com,Tech
https://www.apple.com,apple.com,Tech
https://www.linux.org,linux.org,Tech
https://www.python.org,python.org,Tech
https://www.java.com,java.com,Tech
https://www.php.net,php.net,Tech
https://www.mysql.com,mysql.com,Tech
https://www.postgresql.org,postgresql.org,Tech
https://www.mongodb.com,mongodb.com,Tech
https://www.sqlite.org,sqlite.org,Tech
https://www.oracle.com,oracle.com,Tech
https://www.ibm.com,ibm.com,Tech
https://www.intel.com,intel.com,Tech
https://www.amd.com,amd.com,Tech
https://www.nvidia.com,nvidia.com,Tech
https://www.ubuntu.com,ubuntu.com,Tech
https://www.debian.org,debian.org,Tech
https://www.centos.org,centos.org,Tech
https://www.apache.org,apache.org,Tech
https://www.nginx.com,nginx.com,Tech
https://www.nodejs.org,nodejs.org,Tech
https://www.reactjs.org,reactjs.org,Tech
https://www.angular.io,angular.io,Tech
https://www.vuejs.org,vuejs.org,Tech
https://www.djangoproject.com,djangoproject.com,Tech
https://www.ruby-lang.org,ruby-lang.org,Tech
https://www.rust-lang.org,rust-lang.org,Tech
https://www.golang.org,golang.org,Tech
https://www.typescriptlang.org,typescriptlang.org,Tech
https://www.kotlinlang.org,kotlinlang.org,Tech
https://www.swift.org,swift.org,Tech
https://www.perl.org,perl.org,Tech
https://www.lua.org,lua.org,Tech
https://www.elastic.co,elastic.co,Tech
https://www.docker.com,docker.com,Tech
https://www.kubernetes.io,kubernetes.io,Tech
https://www.terraform.io,terraform.io,Tech
https://www.ansible.com,ansible.com,Tech
https://www.jenkins.io,jenkins.io,Tech
https://www.git-scm.com,git-scm.com,Tech
https://www.gnu.org,gnu.org,Tech
https://www.gimp.org,gimp.org,Tech
https://www.blender.org,blender.org,Tech
https://www.unrealengine.com,unrealengine.com,Tech
https://www.unity.com,unity.com,Tech
https://www.adobe.com,adobe.com,Tech
https://www.autodesk.com,autodesk.com,Tech
https://www.figma.com,figma.com,Tech
https://www.sketch.com,sketch.com,Tech
https://www.canva.com,canva.com,Tech
https://www.trello.com,trello.com,Tech
https://www.slack.com,slack.com,Tech
https://www.dropbox.com,dropbox.com,Tech
https://www.box.com,box.com,Tech
https://www.evernote.com,evernote.com,Tech
https://www.notion.so,notion.so,Tech
https://www.medium.com,medium.com,Media
https://www.quora.com,quora.com,Social
https://www.pinterest.com,pinterest.com,Social
https://www.tumblr.com,tumblr.com,Social
https://www.flickr.com,flickr.com,Media
https://www.imgur.com,imgur.com,Media
https://www.unsplash.com,unsplash.com,Media
https://www.pexels.com,pexels.com,Media
https://www.shutterstock.com,shutterstock.com,Media
https://www.gettyimages.com,gettyimages.com,Media
https://www.istockphoto.com,istockphoto.com,Media
https://www.500px.com,500px.com,Media
https://www.deviantart.com,deviantart.com,Media
https://www.behance.net,behance.net,Media
https://www.dribbble.com,dribbble.com,Media
https://www.vimeo.com,vimeo.com,Media
https://www.soundcloud.com,soundcloud.com,Media
https://www.spotify.com,spotify.com,Media
https://www.pandora.com,pandora.com,Media
https://www.last.fm,last.fm,Media
https://www.bandcamp.com,bandcamp.com,Media
https://www.google.com,google.com,Search
https://www.youtube.com,youtube.com,Media
https://www.github.com,github.com,Tech
https://www.wikipedia.org,wikipedia.org,Education
https://www.reddit.com,reddit.com,Social
https://www.twitter.com,twitter.com,Social
https://developer.mozilla.org,mozilla.org,Tech
https://www.kaggle.com,kaggle.com,Data
https://jsonplaceholder.typicode.com,typicode.com,API
https://api.github.com,github.com,API
https://www.openstreetmap.org,openstreetmap.org,Maps
https://www.npmjs.com,npmjs.com,Tech
https://hub.docker.com,docker.com,Tech
https://aws.amazon.com/public-datasets,amazon.com,Data
https://www.w3schools.com,w3schools.com,Education
https://stackoverflow.com,stackoverflow.com,Tech
https://www.bbc.com,bbc.com,News
https://www.nytimes.com,nytimes.com,News
https://www.cnn.com,cnn.com,News
https://www.microsoft.com,microsoft.com,Tech
https://www.apple.com,apple.com,Tech
https://www.linux.org,linux.org,Tech
https://www.python.org,python.org,Tech
https://www.java.com,java.com,Tech
https://www.php.net,php.net,Tech
https://www.mysql.com,mysql.com,Tech
https://www.postgresql.org,postgresql.org,Tech
https://www.mongodb.com,mongodb.com,Tech
https://www.sqlite.org,sqlite.org,Tech
https://www.oracle.com,oracle.com,Tech
https://www.ibm.com,ibm.com,Tech
https://www.intel.com,intel.com,Tech
https://www.amd.com,amd.com,Tech
https://www.nvidia.com,nvidia.com,Tech
https://www.ubuntu.com,ubuntu.com,Tech
https://www.debian.org,debian.org,Tech
https://www.centos.org,centos.org,Tech
https://www.apache.org,apache.org,Tech
https://www.nginx.com,nginx.com,Tech
https://www.nodejs.org,nodejs.org,Tech
https://www.reactjs.org,reactjs.org,Tech
https://www.angular.io,angular.io,Tech
https://www.vuejs.org,vuejs.org,Tech
https://www.djangoproject.com,djangoproject.com,Tech
https://www.ruby-lang.org,ruby-lang.org,Tech
https://www.rust-lang.org,rust-lang.org,Tech
https://www.golang.org,golang.org,Tech
https://www.typescriptlang.org,typescriptlang.org,Tech
https://www.kotlinlang.org,kotlinlang.org,Tech
https://www.swift.org,swift.org,Tech
https://www.perl.org,perl.org,Tech
https://www.lua.org,lua.org,Tech
https://www.elastic.co,elastic.co,Tech
https://www.docker.com,docker.com,Tech
https://www.kubernetes.io,kubernetes.io,Tech
https://www.terraform.io,terraform.io,Tech
https://www.ansible.com,ansible.com,Tech
https://www.jenkins.io,jenkins.io,Tech
https://www.git-scm.com,git-scm.com,Tech
https://www.gnu.org,gnu.org,Tech
https://www.gimp.org,gimp.org,Tech
https://www.blender.org,blender.org,Tech
https://www.unrealengine.com,unrealengine.com,Tech
https://www.unity.com,unity.com,Tech
https://www.adobe.com,adobe.com,Tech
https://www.autodesk.com,autodesk.com,Tech
https://www.figma.com,figma.com,Tech
https://www.sketch.com,sketch.com,Tech
https://www.canva.com,canva.com,Tech
https://www.trello.com,trello.com,Tech
https://www.slack.com,slack.com,Tech
https://www.dropbox.com,dropbox.com,Tech
https://www.box.com,box.com,Tech
https://www.evernote.com,evernote.com,Tech
https://www.notion.so,notion.so,Tech
https://www.medium.com,medium.com,Media
https://www.quora.com,quora.com,Social
https://www.pinterest.com,pinterest.com,Social
https://www.tumblr.com,tumblr.com,Social
https://www.flickr.com,flickr.com,Media
https://www.imgur.com,imgur.com,Media
https://www.unsplash.com,unsplash.com,Media
https://www.pexels.com,pexels.com,Media
https://www.shutterstock.com,shutterstock.com,Media
https://www.gettyimages.com,gettyimages.com,Media
https://www.istockphoto.com,istockphoto.com,Media
https://www.500px.com,500px.com,Media
https://www.deviantart.com,deviantart.com,Media
https://www.behance.net,behance.net,Media
https://www.dribbble.com,dribbble.com,Media
https://www.vimeo.com,vimeo.com,Media
https://www.soundcloud.com,soundcloud.com,Media
https://www.spotify.com,spotify.com,Media
https://www.pandora.com,pandora.com,Media
https://www.last.fm,last.fm,Media
https://www.bandcamp.com,bandcamp.com,Media